"Country code","Country name","GDP per Capita PPP for 2015","Total GDP, PPP, for 2015","HDI for 2015","Trade Open-ness for 2013","KOF index, total","KOF sub-index A","KOF sub-index B","KOF sub-index C","WTO membership","ILO Conv 155","ILO Conv 170","ILO Conv 174","GHS  implementation key (0-2)","Country name","Basel ratification","Sthlm ratification","Rotterdam ratificaiton","SAICM focal point in place=1","Sthlm conv reporting under article 15 (3rd reporting)","SAICM 2nd progress report","Income category (no tag = high income country)","Dev_status","dstatus","stat","RegulatoryQuality","GovernmentEffectiveness"
"AND","Andorra",NA,NA,0.858,"-",NA,NA,NA,NA,0,0,0,0,2,"Andorra",1,0,0,0,0,0,NA,"Non-DAC","Non-DAC",5.01218469296414,0.892058968544006,1.75235509872437
"AFG","Afghanistan",1925.16522757776,62619006135.0523,0.479,"96.93605106600001",32.17121,35.44888,18.64013,46.07029,1,0,0,0,0,"Afghanistan",1,1,1,1,0,0,"LDC","Least Developed","Least Developed",0.956421543048328,-1.00835132598877,-1.33560407161713
"AGO","Angola",7386.70084342391,184829836449.931,0.533,"95.04942621159999",40.03783,52.54378,21.86429,48.26991,1,0,0,0,0,"Angola",1,1,1,1,0,0,"LDC","Least Developed","Least Developed",0.991974068145053,-0.908263742923737,-1.01203572750092
"ALB","Albania",11479.0874603266,33165000680.4894,0.764,"89.2386635232",60.65393,66.98724,46.23771,71.80341,1,1,0,1,2,"Albania",1,1,1,1,1,1,"UM","Upper Middle Income","Upper Middle Income",3.92327999999418,0.198663026094437,0.0278296433389187
"ARE","United Arab Emirates",69970.8153425649,640720167171.699,0.84,"180.6050182808",75.29406,88.06021,77.92566,55.33015,1,0,0,0,0,"United Arab Emirates",1,1,1,1,1,0,NA,"Non-DAC","Non-DAC",4.95362167485317,1.13345098495483,1.53690087795258
"ARG","Argentina",20338.1890591874,883018171526.421,0.827,"38.8004261071",58.53841,38.2575,52.5969,92.61201,1,1,0,0,1,"Argentina",1,1,1,1,1,1,"UM","Upper Middle Income","Upper Middle Income",4.14468857896348,-0.956594407558441,-0.0870741456747055
"ARM","Armenia",8418.72779034397,25405295877.6545,0.743,"75.32676664660001",58.89034,68.21384,43.87784,66.98763,1,0,0,1,2,"Armenia",1,1,1,1,1,1,"LM","Lower Middle Income","Lower Middle Income",2.889561775196,0.248900607228279,-0.135414749383926
"ATG","Antigua and Barbuda",23062.2782651263,2117532265.74737,0.786,"97.9366208335",49.03916,NA,59.87598,34.52718,1,1,0,0,0,"Antigua and Barbuda",1,1,1,1,1,1,"UM","Upper Middle Income","Upper Middle Income",3.99098132520839,0.530259847640991,0.210274502635002
"AUS","Australia",46270.7993394433,1100770841127.12,0.939,"41.1248339858",82.97118,76.17336,84.13385,90.16822,1,1,0,0,1,"Australia",1,1,1,1,1,1,NA,"Non-DAC","Non-DAC",5.09430620411438,1.79583930969238,1.5582971572876
"AUT","Austria",49429.5555464607,426990592027.657,0.893,"108.9353638924",90.05231,85.50303,90.61938,95.15134,1,0,0,0,2,"Austria",1,1,1,1,1,1,NA,"Non-DAC","Non-DAC",4.88631124118692,1.43017399311066,1.47360920906067
"AZE","Azerbaijan",17779.7737640128,171563099951.813,0.759,"77.33347929759999",56.21596,59.13865,51.45132,58.83273,0,0,0,0,0,"Azerbaijan",1,1,0,1,0,0,"UM","Upper Middle Income","Upper Middle Income",3.93548326129074,-0.254431903362274,-0.233231469988823
"BDI","Burundi",727.150789510659,8128761231.02728,0.404,"50.9489217057",35.03732,28.45179,21.10755,62.17183,1,0,0,0,0,"Burundi",1,1,1,1,0,1,"LDC","Least Developed","Least Developed",1.02062227231813,-0.70916885137558,-1.14510130882263
"BEL","Belgium",45757.457809482,514744861031.143,0.896,"172.071176177",91.74907,90.0794,90.33748,95.78954,1,1,0,1,2,"Belgium",1,1,1,1,1,1,NA,"Non-DAC","Non-DAC",5.07954944320048,1.27732384204865,1.44135928153992
"BEN","Benin",2056.70077153774,22376552698.4987,0.485,"59.0567338167",46.67299,48.35696,23.77571,75.16701,1,0,0,0,0,"Benin",1,1,1,1,0,0,"LDC","Least Developed","Least Developed",1.08102393511804,-0.555357158184052,-0.617992043495178
"BFA","Burkina Faso",1696.02560145402,30707510248.9178,0.402,"67.03238278889999",48.69133,53.25678,23.2513,76.87978,1,0,1,0,0,"Burkina Faso",1,1,1,1,0,0,"LDC","Least Developed","Least Developed",1.20140391150816,-0.360514223575592,-0.586434006690979
"BGD","Bangladesh",3339.58928290928,537659320618.299,0.579,"49.4256014898",40.82236,33.61815,21.56239,75.89146,1,0,0,0,0,"Bangladesh",1,1,0,1,0,0,"LDC","Least Developed","Least Developed",1.08176401018462,-0.928824543952942,-0.727822244167328
"BGR","Bulgaria",18248.7799400268,130989578170.493,0.794,"141.1505827377",76.89241,77.18246,71.34447,83.94834,1,0,0,0,2,"Bulgaria",1,1,1,1,1,1,NA,"Non-DAC","Non-DAC",4.88159678098003,0.552765011787415,0.216149657964706
"BHR","Bahrain",46586.0687047553,64160057504.7311,0.824,"123.7858499053",70.79992,87.37309,71.87795,48.01389,1,1,0,0,0,"Bahrain",1,1,1,1,0,1,NA,"Non-DAC","Non-DAC",5.08621937169599,0.827999234199524,0.573863804340363
"BHS","Bahamas",23001.0071487439,8924827792.84847,0.792,"99.40500646540001",54.45076,46.58311,66.29505,48.72133,0,0,0,0,0,"Bahamas",1,1,0,1,0,0,NA,"Non-DAC","Non-DAC",4.83236443867475,0.254005789756775,0.705103993415833
"BIH","Bosnia and Herzegovina",10851.7186290018,41349562291.4465,0.75,"97.60052403989999",66.56256,63.57166,62.50209,75.85168,0,1,0,1,2,"Bosnia and Herzegovina",1,1,1,1,0,1,"UM","Upper Middle Income","Upper Middle Income",3.9295211994807,-0.180549576878548,-0.544285178184509
"BLR","Belarus",17740.5137307421,168350662947.47,0.796,"125.5620434888",60.76056,57.92841,61.053,64.0161,0,1,0,0,2,"Belarus",1,1,0,1,1,1,"UM","Upper Middle Income","Upper Middle Income",3.96541187631136,-1.00234746932983,-0.476236432790756
"BLZ","Belize",8483.51686704276,3048017324.60919,0.706,"135.0073484556",48.0675,57.95948,41.73352,43.811,1,1,0,0,0,"Belize",1,1,1,1,0,0,"UM","Upper Middle Income","Upper Middle Income",3.7849942561178,-0.466513991355896,-0.696509122848511
"BOL","Bolivia",6953.82710003201,74577744268.8488,0.674,"79.7025177008",53.98968,55.22971,35.75527,76.81119,1,0,0,0,0,"Bolivia",1,1,1,1,1,0,"LM","Lower Middle Income","Lower Middle Income",3.21509154859092,-0.906478941440582,-0.657609462738037
"BRA","Brazil",15473.6936417819,3216168972473.69,0.754,"26.9947635852",61.39913,52.29639,45.58499,94.29865,1,1,1,1,1,"Brazil",1,1,1,1,1,1,"UM","Upper Middle Income","Upper Middle Income",4.09289451397612,-0.212529927492142,-0.189013719558716
"BRB","Barbados",16405.7625999126,4662763817.33415,0.795,"89.514826066",55.56393,70.66554,50.76192,42.54708,1,0,0,0,0,"Barbados",1,1,0,1,0,0,NA,"Non-DAC","Non-DAC",5.10643963450056,0.510663628578186,1.00253105163574
"BRN","Brunei Darussalam",78369.2910162597,33164943526.5889,0.865,"108.2988824383",67.59718,78.65823,67.07622,54.05073,1,0,0,0,0,"Brunei Darussalam",1,0,0,0,0,0,NA,"Non-DAC","Non-DAC",5.08695795430497,0.842613816261292,1.05256199836731
"BTN","Bhutan",8369.82535007779,6485191776.00077,0.607,"71.242578741",43.57688,58.74963,32.51272,38.85431,0,0,0,0,0,"Bhutan",1,0,0,1,0,1,"LDC","Least Developed","Least Developed",0.890029780087051,-0.70538467168808,0.406286299228668
"BWA","Botswana",15839.3023914309,35836184071.0764,0.698,"107.5590510888",47.85964,63.796,37.40405,41.33875,1,0,0,0,0,"Botswana",1,1,1,1,0,0,"UM","Upper Middle Income","Upper Middle Income",3.86019493115885,0.485233396291733,0.513288199901581
"CAF","Central African Republic",618.752858612893,3032058545.48643,0.352,"33.2531090665",36.3403,38.77222,17.53905,58.38599,1,1,0,0,0,"Central African Republic",1,1,0,1,1,0,"LDC","Least Developed","Least Developed",1.0540837953842,-1.43999195098877,-1.79160583019257
"CAN","Canada",44261.8379960269,1586725368202.75,0.92,"61.87388424",86.5129,79.08437,89.22446,92.44798,1,0,0,0,1,"Canada",1,1,1,1,1,1,NA,"Non-DAC","Non-DAC",4.8301933133972,1.70588672161102,1.76512730121613
"CHE","Switzerland",62557.4913137437,518065485290.377,0.939,"97.1804490248",88.78627,82.76255,91.13246,93.40157,1,0,0,0,2,"Switzerland",1,1,1,1,1,1,NA,"Non-DAC","Non-DAC",4.79983832021783,1.75579011440277,2.00981998443604
"CHL","Chile",23366.583911095,419386742724.664,0.847,"64.4105671539",72.23,80.18104,52.04987,89.01486,1,0,0,0,0,"Chile",1,1,1,1,0,1,"UM","Upper Middle Income","Upper Middle Income",3.88114954241652,1.35270416736603,1.08178102970123
"CHN","China",14450.7162233394,19815111099767.4,0.738,"49.6086303857",62.01685,52.84146,54.23103,84.25891,1,1,1,0,2,"China",1,1,1,1,1,0,"UM","Upper Middle Income","Upper Middle Income",4.19654128556283,-0.268535792827606,0.424247801303864
"CIV","Cote d'Ivoire",3513.68472575677,79766110568.112,NA,NA,48.81971,48.02731,29.46511,75.75861,1,0,0,0,0,"Cote d'Ivoire",1,1,1,1,1,1,"LM","Lower Middle Income","Lower Middle Income",2.90382482428352,-0.515242457389832,-0.650963187217712
"CMR","Cameroon",3115.27881870257,72723626378.7014,0.518,"59.574474789",44.19909,41.17919,25.47549,73.16146,1,0,0,0,0,"Cameroon",1,1,1,1,1,0,"LM","Lower Middle Income","Lower Middle Income",2.94946739285152,-0.905801117420197,-0.763527691364288
"COD","Democratic Republic of the Congo",784.365232149264,60605402500.544,0.435,"103.4189533179",NA,NA,NA,NA,1,0,0,0,0,"Democratic Republic of the Congo",1,1,1,1,1,1,"LDC","Least Developed","Least Developed",1.05390885080927,-1.19392096996307,-1.02271401882172
"COG","Congo",6381.08725708581,29482728886.5313,0.592,"146.9526352326",51.8292,68.51761,26.93925,63.66943,1,0,0,0,0,"Congo",1,1,1,1,0,0,"LM","Lower Middle Income","Lower Middle Income",2.99797910349712,-1.34458839893341,-1.62545847892761
"COL","Colombia",13829.0682346055,666958038482.589,0.727,"35.22023317",60.33676,58.72924,47.08821,80.14848,1,0,1,1,0,"Colombia",1,1,1,1,1,1,"UM","Upper Middle Income","Upper Middle Income",3.9247467562698,0.451427698135376,-0.0348577052354813
"COM","Comoros",1483.44093207654,1169654605.47812,0.498,"66.57321726879999",30.84172,NA,27.61901,35.15737,0,0,0,0,0,"Comoros",1,1,0,1,0,0,"LDC","Least Developed","Least Developed",0.823188255816327,-1.03300964832306,-1.52200949192047
"CPV","Cape Verde",6556.4947113748,3412668610.26001,0.648,"91.80221064689999",46.24908,57.59632,41.5564,37.9206,1,1,0,0,0,"Cape Verde",1,1,1,0,0,0,"LM","Lower Middle Income","Lower Middle Income",2.96563550926953,-0.256389975547791,0.150738552212715
"CRI","Costa Rica",15594.635822811,74976669840.7016,0.776,"74.25380817999999",63.0301,68.30789,60.82767,59.18288,1,0,0,0,0,"Costa Rica",1,1,1,1,1,1,"UM","Upper Middle Income","Upper Middle Income",3.90381345974045,0.49307057261467,0.378883987665176
"CUB","Cuba",22377.0489179655,254864786028.2,0.775,"47.2384586681",46.18551,NA,33.66158,62.95677,1,1,0,0,0,"Cuba",1,1,1,1,1,0,"UM","Upper Middle Income","Upper Middle Income",3.86886067539572,-1.24523854255676,0.0137403570115566
"CYP","Cyprus",31539.4538026201,26734859568.1442,0.856,"86.5835386686",84.99805,86.6361,87.17159,79.97798,1,1,0,0,2,"Cyprus",1,1,1,1,1,1,NA,"Non-DAC","Non-DAC",5.08663473863449,1.06047701835632,1.03617107868195
"CZE","Czech Republic",33770.4759278573,356145431593.263,0.878,"152.717253332",84.87957,86.90368,82.18602,85.88003,1,1,0,0,2,"Czech Republic",1,1,1,1,1,1,NA,"Non-DAC","Non-DAC",5.03619925171525,1.08479988574982,1.05149567127228
"DEU","Germany",48041.7014141257,3924035073872.76,0.926,"95.6989856164",84.56558,78.05962,85.48621,91.71091,1,0,1,0,2,"Germany",1,1,1,1,1,1,NA,"Non-DAC","Non-DAC",5.02589827858636,1.66513025760651,1.73972916603088
"DJI","Djibouti",3491.38014509001,3099860266.99976,0.473,"84.9151999576",49.25647,NA,36.00441,67.00278,1,0,0,0,0,"Djibouti",1,1,1,1,0,0,"LDC","Least Developed","Least Developed",1.04118951001902,-0.68903923034668,-0.956454157829285
"DMA","Dominica",10864.5384167666,789634652.130595,0.726,"90.8458394922",39.67659,NA,43.21148,34.94289,1,0,0,0,0,"Dominica",1,1,1,1,0,0,"UM","Upper Middle Income","Upper Middle Income",3.84844034334419,0.26136189699173,0.106443174183369
"DNK","Denmark",49020.3945096047,278606578848.631,0.925,"103.6979723926",88.36996,85.76144,87.54336,92.83606,1,1,0,0,2,"Denmark",1,1,1,1,1,1,NA,"Non-DAC","Non-DAC",5.10484115331321,1.73391163349152,1.8493310213089
"DOM","Dominican Republic",14237.0619584336,149893354989.615,0.722,"58.2669216426",66.44867,61.85632,65.73923,73.31258,1,0,1,0,0,"Dominican Republic",1,1,1,1,0,0,"UM","Upper Middle Income","Upper Middle Income",4.11657878222971,-0.0371257290244102,-0.344239294528961
"DZA","Algeria",14688.2033011463,582629895320.782,0.745,"65.5108325243",52.33472,47.02419,35.54581,81.65611,0,1,0,0,0,"Algeria",1,1,0,1,0,0,"UM","Upper Middle Income","Upper Middle Income",3.96859811001259,-1.16992425918579,-0.506217956542969
"ECU","Ecuador",11474.1407727265,185242693747.997,0.739,"61.6445906239",52.77652,38.54374,45.40764,80.97301,1,0,0,0,2,"Ecuador",1,1,1,1,1,1,"UM","Upper Middle Income","Upper Middle Income",3.92078051248688,-1.14156401157379,-0.435876458883286
"EGY","Egypt",10913.4331673676,998667359007.861,0.691,"45.3632036117",63.2026,46.49746,57.41703,92.46263,1,0,0,0,0,"Egypt",1,1,0,1,1,0,"LM","Lower Middle Income","Lower Middle Income",3.07983383879957,-0.796496510505676,-0.761894822120667
"ERI","Eritrea",NA,NA,0.42,"-",25.07131,NA,23.28238,27.46694,0,0,0,0,0,"Eritrea",1,1,1,1,1,0,"LDC","Least Developed","Least Developed",0.858596770239447,-2.11201572418213,-1.59962213039398
"ESP","Spain",34727.1465090562,1612867384103.73,0.884,"65.4540701895",84.56114,77.50064,83.38054,95.23442,1,1,0,0,2,"Spain",1,1,1,1,1,1,NA,"Non-DAC","Non-DAC",4.94513100735742,0.785219967365265,1.17731559276581
"EST","Estonia",28987.7583444688,38107539021.7054,0.865,"179.5826004842",79.26598,87.54037,73.81496,75.91015,1,0,0,1,2,"Estonia",1,1,1,1,1,1,NA,"Non-DAC","Non-DAC",5.0955737640475,1.65615439414978,1.09130430221558
"ETH","Ethiopia",1628.92313215134,161899891796.87,0.448,"45.7703921608",39.32619,26.89635,19.03518,82.50537,0,1,0,0,0,"Ethiopia",1,1,1,1,0,0,"LDC","Least Developed","Least Developed",0.949873654753813,-1.00493597984314,-0.640669524669647
"FIN","Finland",42309.3892655906,231835610071.871,0.895,"80.9283860888",86.3023,84.20137,83.81165,92.34315,1,1,1,1,2,"Finland",1,1,1,1,1,1,NA,"Non-DAC","Non-DAC",4.93531389817058,1.82845723628998,1.8225005865097
"FJI","Fiji",9323.19840832408,8317644843.99428,0.736,"127.4259640621",57.557,53.07058,52.81554,69.68393,1,1,0,0,0,"Fiji",0,1,0,1,0,0,"UM","Upper Middle Income","Upper Middle Income",3.93916302762112,-0.380547821521759,-0.292351067066193
"FRA","France",41016.6515025133,2729181995184.97,0.897,"60.5662920261",87.18503,79.4147,87.11048,97.29126,1,0,0,0,2,"France",1,1,1,1,1,1,NA,"Non-DAC","Non-DAC",5.12601768692999,1.15450942516327,1.44315981864929
"FSM","Micronesia, Federated States of",3496.71522478211,365266872.380739,0.638,"-",27.96494,NA,33.7054,20.27766,0,0,0,0,0,"Micronesia, Federated States of",1,1,0,0,0,0,"LM","Lower Middle Income","Lower Middle Income",3.09634495167397,-0.992439031600952,-0.417161017656326
"GAB","Gabon",20081.0274949182,34645636088.7625,0.697,"63.5937531433",55.95826,59.39585,40.45096,72.29785,1,1,0,0,0,"Gabon",1,1,1,1,0,1,"UM","Upper Middle Income","Upper Middle Income",3.93316005643049,-0.796809494495392,-0.73222154378891
"GBR","United Kingdom",41801.0494791537,2722454741181.93,0.91,"63.0954687124",87.25849,82.98699,85.82942,94.67291,1,0,0,0,2,"United Kingdom",1,1,1,1,1,1,NA,"Non-DAC","Non-DAC",5.01215701533084,1.85561776161194,1.73875534534454
"GEO","Georgia",9599.48220446934,35682235302.233,0.769,"100.5621620129",64.13396,83.00803,57.44373,48.78764,1,0,0,0,1,"Georgia",1,1,1,1,1,0,"LM","Lower Middle Income","Lower Middle Income",2.89932436715437,0.924012303352356,0.401318818330765
"GHA","Ghana",4210.49829159139,115409307649.203,0.579,"85.6474594371",54.1722,58.39121,26.55399,85.72364,1,0,0,0,0,"Ghana",1,1,1,1,0,0,"LM","Lower Middle Income","Lower Middle Income",3.04797277043926,-0.0308945756405592,-0.255614817142487
"GIN","Guinea",1208.98609331256,15243609966.2798,0.414,"85.7150617148",44.40004,44.25071,20.80723,76.18636,1,0,0,0,0,"Guinea",1,1,1,1,1,0,"LDC","Least Developed","Least Developed",1.09005467197569,-0.86369913816452,-1.13575387001038
"GMB","Gambia",1679.68438743629,3344123959.37221,0.452,"78.122298504",50.35147,55.03483,35.54218,64.15207,1,0,0,0,0,"Gambia",1,1,1,1,0,0,"LDC","Least Developed","Least Developed",0.919486334703843,-0.493587553501129,-0.89269345998764
"GNB","Guinea-Bissau",1455.80363411069,2684975037.4812,0.424,"48.0469251688",37.31873,32.28993,23.99593,61.63572,1,0,0,0,0,"Guinea-Bissau",1,1,1,1,0,0,"LDC","Least Developed","Least Developed",0.735305678595573,-1.19753932952881,-1.6229590177536
"GNQ","Equatorial Guinea",40718.8296838387,34409854212.6247,0.592,"189.0252058782",26.15753,NA,23.6659,29.49416,0,0,0,0,0,"Equatorial Guinea",1,0,1,0,0,0,"LDC","Least Developed","Least Developed",1.08652311684466,-1.34530925750732,-1.42254650592804
"GRC","Greece",26379.2635307961,285446924292.911,0.866,"55.5027497095",80.6022,72.13229,80.7393,91.3259,1,0,0,0,2,"Greece",1,1,1,1,0,1,NA,"Non-DAC","Non-DAC",5.09472628349853,0.397235363721848,0.249212890863419
"GRD","Grenada",13558.5452183189,1448391592.94692,0.754,"77.80965946470001",53.23917,NA,52.68963,53.97509,1,1,0,0,0,"Grenada",1,1,1,0,0,0,"UM","Upper Middle Income","Upper Middle Income",3.91398792549411,0.00519692664965987,-0.202410399913788
"GTM","Guatemala",7722.43021744327,126206881633.363,0.64,"58.0094252422",60.41704,61.48105,42.52032,83.01299,1,0,0,0,0,"Guatemala",1,1,1,1,1,1,"LM","Lower Middle Income","Lower Middle Income",3.11390684537227,-0.204007089138031,-0.713743448257446
"GUY","Guyana",7521.72875794562,5769805304.28872,0.638,"128.5936293294",48.60773,62.72964,37.41198,45.41463,1,1,0,0,0,"Guyana",1,1,1,1,1,1,"LM","Lower Middle Income","Lower Middle Income",2.8160241419862,-0.551770806312561,-0.336635172367096
"HND","Honduras",5095.20405604358,41144078464.7953,0.625,"115.3417792227",61.42047,72.89972,42.6012,71.83942,1,0,0,0,0,"Honduras",1,1,1,1,1,0,"LM","Lower Middle Income","Lower Middle Income",2.98478871587477,-0.397230923175812,-0.818613529205322
"HRV","Croatia",22514.4165886606,94641691629.7599,0.827,"84.3955253111",81.39449,75.37138,85.29177,83.93188,1,1,0,0,2,"Croatia",1,1,1,1,1,1,NA,"Non-DAC","Non-DAC",5.01523242673867,0.364025622606277,0.509246706962585
"HTI","Haiti",1757.4356781291,18824011296.6312,0.493,"77.9833811136",38.80811,51.58675,19.44715,48.27913,1,0,0,0,0,"Haiti",0,0,0,1,0,0,"LDC","Least Developed","Least Developed",0.930340432631073,-1.15908682346344,-2.00214624404907
"HUN","Hungary",26457.5834546592,260422734756.547,0.836,"184.2443297677",86.55012,88.74696,81.16251,90.93584,1,1,0,0,2,"Hungary",1,1,1,1,0,1,NA,"Non-DAC","Non-DAC",4.9969192625115,0.768639028072357,0.491794794797897
"IDN","Indonesia",11057.5607198177,2848027523590.4,0.689,"48.0450126203",59.64775,64.01781,35.14486,86.83287,1,0,0,0,2,"Indonesia",1,1,1,1,1,1,"LM","Lower Middle Income","Lower Middle Income",3.11775176093225,-0.210573971271515,-0.224536433815956
"IND","India",6104.57624475407,8003407902796.51,0.624,"53.2076214349",52.37801,44.35511,31.07943,91.23135,1,0,0,1,0,"India",1,1,1,1,0,0,"LM","Lower Middle Income","Lower Middle Income",3.10030419602731,-0.39138451218605,0.100586175918579
"IRL","Ireland",68513.9740666328,318161081932.185,0.923,"190.7071585994",92.14664,94.64851,90.99415,90.46818,1,1,0,0,2,"Ireland",1,1,1,1,1,1,NA,"Non-DAC","Non-DAC",5.05970914692693,1.81381773948669,1.53657257556915
"IRN","Iran (Islamic Republic of)",NA,NA,0.774,"33.4955010729",42.12689,31.08644,34.6722,66.3273,0,0,0,0,0,"Iran (Islamic Republic of)",1,1,1,1,0,1,"UM","Upper Middle Income","Upper Middle Income",4.05191603311213,-1.28039121627808,-0.201812922954559
"IRQ","Iraq",15394.7687489855,560729743077.953,0.649,"107.4420794341",43.65871,48.31102,31.00494,54.61275,0,0,0,0,0,"Iraq",1,1,0,1,0,1,"UM","Upper Middle Income","Upper Middle Income",3.86444719686494,-1.23289394378662,-1.26926493644714
"ISL","Iceland",47717.2374162493,15785577895.8565,0.921,"106.4295457907",67.90089,76.01631,69.85114,54.83847,1,1,0,0,2,"Iceland",1,1,0,1,0,0,NA,"Non-DAC","Non-DAC",5.01044645912716,1.26869821548462,1.50092506408691
"ISR","Israel",36575.9416504184,306510048624.671,0.899,"68.03265573340001",72.87639,76.47519,77.12211,62.55638,1,0,0,0,0,"Israel",1,0,1,1,0,0,NA,"Non-DAC","Non-DAC",4.75000324424183,1.27008354663849,1.37515532970428
"ITA","Italy",37217.3843326481,2260233411039.4,0.887,"58.4919358935",82.19048,73.42859,79.3704,97.25023,1,0,1,0,2,"Italy",1,0,1,1,0,1,NA,"Non-DAC","Non-DAC",5.05131188350123,0.729968428611755,0.453999161720276
"JAM","Jamaica",8872.90730524844,24785002527.5062,0.73,"84.4620665548",58.42915,62.82893,43.62814,72.58382,1,0,0,0,0,"Jamaica",1,1,1,0,1,0,"UM","Upper Middle Income","Upper Middle Income",4.00061789513627,0.109950013458729,0.246153101325035
"JOR","Jordan",10902.4732508577,82799345519.8814,0.742,"113.4450159824",69.19343,70.29031,54.71805,87.16541,1,0,0,0,0,"Jordan",1,1,1,1,0,0,"UM","Upper Middle Income","Upper Middle Income",3.94024638001745,0.0476637370884418,0.135806679725647
"JPN","Japan",40763.4036991279,5175259447160.43,0.903,"36.3691015655",72.26253,63.47444,68.88846,88.09789,1,0,0,0,1,"Japan",1,1,1,1,1,1,NA,"Non-DAC","Non-DAC",4.84934339029432,1.17700457572937,1.79138791561127
"KAZ","Kazakhstan",25044.8780092757,439390495449.362,0.794,"68.25268803740001",56.07851,59.94138,43.06625,68.52923,1,1,0,0,2,"Kazakhstan",1,1,1,1,1,0,"UM","Upper Middle Income","Upper Middle Income",3.79306768320141,-0.0252443514764309,-0.0529712475836277
"KEN","Kenya",3088.79422914913,142239907068.175,0.555,"64.4584240499",46.63804,39.75174,25.38612,83.96524,1,0,0,0,0,"Kenya",1,1,1,1,0,0,"OL","Other Low Income","Other Low Income",2.13293680266011,-0.294272631406784,-0.285136282444
"KGZ","Kyrgyzstan",3433.68016293683,20454089362.5984,0.664,"149.9839107301",53.6389,57.28382,40.64185,66.34991,1,0,0,0,2,"Kyrgyzstan",1,1,1,1,0,0,"LM","Lower Middle Income","Lower Middle Income",2.97353813626802,-0.466013729572296,-0.901762068271637
"KHM","Cambodia",3490.41902759707,54373395079.5854,0.563,"134.7354887996",50.68716,65.89948,27.33842,62.36438,1,0,0,0,0,"Cambodia",1,1,1,1,0,1,"LDC","Least Developed","Least Developed",1.04130485679521,-0.480088770389557,-0.68981808423996
"KIR","Kiribati",1994.76760085824,224257757.991286,0.588,"-",38.1106,60.16651,29.5947,21.11161,0,0,0,0,0,"Kiribati",1,1,0,1,0,0,"LDC","Least Developed","Least Developed",0.967319335915014,-0.90656054019928,-0.502134144306183
"KNA","Saint Kitts and Nevis",25088.1605989777,1394199260.80639,0.765,"80.6085991878",38.64558,NA,47.40687,26.91302,1,0,0,0,0,"Saint Kitts and Nevis",1,1,1,1,1,0,NA,"Non-DAC","Non-DAC",5.01115959938085,0.173873484134674,0.106443174183369
"KOR","Korea, Republic of",34647.0747842473,1753732543472.61,0.901,"106.5369859015",67.03178,63.14352,53.93098,89.58273,1,1,1,0,2,"Korea, Republic of",1,1,1,1,0,1,NA,"Non-DAC","Non-DAC",5.04352977968384,1.15605103969574,1.02609217166901
"KWT","Kuwait",74645.4824636104,290528801978.855,0.8,"91.01236441650001",68.08648,63.98278,77.28387,61.05454,1,0,0,0,0,"Kuwait",1,1,1,1,0,0,NA,"Non-DAC","Non-DAC",5.27787391461919,-0.156218022108078,-0.0244420003145933
"LAO","Lao People's Democratic Republic",5691.257818635,38712066581.2851,0.586,"68.61860570979999",38.73935,53.75979,25.21482,37.50769,1,0,0,0,0,"Lao People's Democratic Republic",1,1,1,1,0,0,"LDC","Least Developed","Least Developed",1.05719065124269,-0.79773622751236,-0.498993694782257
"LBN","Lebanon",13936.258287804,81537465623.5613,0.763,"144.6588742751",66.52325,73.30432,65.12282,59.66615,0,0,1,1,0,"Lebanon",1,1,1,1,0,0,"UM","Upper Middle Income","Upper Middle Income",3.99158309105435,-0.277196645736694,-0.470651656389236
"LBR","Liberia",835.366934717421,3762023197.74995,0.427,"231.7062426071",50.79953,70.25469,22.24029,63.9905,1,0,0,0,0,"Liberia",1,1,1,1,0,0,"LDC","Least Developed","Least Developed",0.995670297619727,-0.881921291351318,-1.36729085445404
"LBY","Libyan Arab Jamahiriya",NA,NA,0.716,"97.87310684889999",50.80692,67.15739,35.12302,50.75417,0,0,0,0,0,"Libyan Arab Jamahiriya",1,1,1,1,0,0,"UM","Upper Middle Income","Upper Middle Income",3.8476608392655,-2.2371928691864,-1.69719386100769
"LCA","Saint Lucia",10944.3341308208,2024690869.86772,0.735,"96.3048905647",43.86745,NA,47.33147,39.22865,1,0,0,0,0,"Saint Lucia",1,1,0,1,1,1,"UM","Upper Middle Income","Upper Middle Income",4.14106321959525,0.275360196828842,-0.0839639380574226
"LIE","Liechtenstein",NA,NA,0.912,NA,NA,NA,61.60476,29.04045,1,0,0,0,2,"Liechtenstein",1,1,1,1,0,0,NA,"Non-DAC","Non-DAC",5.21325284794298,1.38373339176178,1.66543793678284
"LKA","Sri Lanka",11762.777581535,246618394774.462,0.766,"55.4787848737",51.80568,45.3744,39.42241,76.67056,1,0,0,0,0,"Sri Lanka",1,1,1,1,1,1,"LM","Lower Middle Income","Lower Middle Income",3.0229619469469,-0.0521268360316753,0.008745395578444
"LSO","Lesotho",2949.51338695414,6297275970.44159,0.497,"136.3246736011",45.93964,58.15283,28.10793,54.09097,1,1,0,0,0,"Lesotho",1,1,1,1,0,1,"LDC","Least Developed","Least Developed",1.03443044493013,-0.392894715070724,-0.673170268535614
"LTU","Lithuania",28936.2062593808,84057074924.9378,0.848,"172.6583739341",77.47042,75.53606,80.72455,75.60372,1,0,0,0,2,"Lithuania",1,1,1,1,1,1,NA,"Non-DAC","Non-DAC",5.07980989834885,1.28019750118256,1.20091080665588
"LUX","Luxembourg",102051.680340313,58129045328.5634,0.898,"278.2733937541",84.20962,94.05984,79.38802,77.9816,1,1,1,1,2,"Luxembourg",1,1,1,0,0,1,NA,"Non-DAC","Non-DAC",5.13267928250889,1.67355537414551,1.72477066516876
"LVA","Latvia",24899.184566574,49238809758.3834,0.83,"120.032142467",71.4495,82.80042,70.4313,58.19567,1,1,0,0,2,"Latvia",1,1,1,1,1,1,NA,"Non-DAC","Non-DAC",4.88793135756326,1.08564960956573,1.09790086746216
"MAR","Morocco",7841.48435487668,274060278118.642,0.647,"81.96093407700001",65.94974,57.19445,56.78035,89.50361,1,0,0,0,0,"Morocco",1,1,1,1,1,1,"LM","Lower Middle Income","Lower Middle Income",3.04848712202408,-0.172419965267181,-0.0605156756937504
"MCO","Monaco",NA,NA,NA,NA,NA,NA,56.03897,32.16048,0,0,0,0,2,"Monaco",1,1,0,1,1,1,NA,"Non-DAC","Non-DAC",5.12271845929422,NA,NA
"MDA","Republic of Moldova",5048.96787094361,17944577101.8636,0.699,"134.1351436811",61.39138,61.96119,55.16122,69.00062,1,1,0,0,0,"Republic of Moldova",1,1,1,1,0,1,"LM","Lower Middle Income","Lower Middle Income",3.01084415010874,-0.0530897080898285,-0.631010413169861
"MDG","Madagascar",1465.34481757824,35513203138.4875,0.512,"68.9051009797",42.90372,47.81893,21.60096,65.10138,1,0,0,0,0,"Madagascar",1,1,1,1,1,1,"LDC","Least Developed","Least Developed",1.00677224540835,-0.75726443529129,-1.29209911823273
"MDV","Maldives",12770.2713176673,5225122523.15072,0.701,"191.6664330977",42.02913,NA,52.08015,28.56945,1,0,0,0,0,"Maldives",1,1,1,1,0,1,"UM","Upper Middle Income","Upper Middle Income",4.04882071705454,-0.423922419548035,-0.382025182247162
"MEX","Mexico",16988.3830002574,2157817248941.49,0.762,"64.5356483084",62.28891,65.95088,51.72313,71.72215,1,1,1,0,1,"Mexico",1,1,1,1,1,1,"UM","Upper Middle Income","Upper Middle Income",3.81597190794732,0.400046408176422,0.21091040968895
"MHL","Marshall Islands",3910.9153982876,207251139.701455,NA,"-",NA,NA,NA,19.02752,0,0,0,0,0,"Marshall Islands",1,1,1,1,0,1,"UM","Upper Middle Income","Upper Middle Income",3.7989330711826,-1.12360966205597,-1.59735977649689
"MKD","The former Yugoslav Republic of Macedonia",14076.4831335106,29257308598.2945,0.748,NA,55.38543,67.53397,48.49233,48.97169,1,1,0,0,0,"The former Yugoslav Republic of Macedonia",1,1,1,1,1,1,"UM","Upper Middle Income","Upper Middle Income",3.95603798805865,0.446661382913589,0.126113757491112
"MLI","Mali",2028.1575184547,35694951708.6021,0.442,"71.10588195859999",46.06884,46.31957,23.4906,75.98132,1,0,0,0,0,"Mali",1,1,1,1,1,0,"LDC","Least Developed","Least Developed",1.05833021753544,-0.569551467895508,-0.911282539367676
"MLT","Malta",33995.1833022691,14681635793.4841,0.856,"185.3835665739",75.86449,91.74023,76.59429,54.44292,1,0,0,0,2,"Malta",1,1,1,0,0,1,NA,"Non-DAC","Non-DAC",4.88735896970001,1.17467844486237,0.850959002971649
"MMR","Myanmar",5249.74474205764,282946300823.371,0.556,"32.173957339",39.02702,56.58482,17.87361,44.74391,0,0,0,0,0,"Myanmar",1,1,0,1,1,1,"LDC","Least Developed","Least Developed",1.21705972260075,-1.2622287273407,-1.23793923854828
"MNE","Montenegro",16050.1643058231,9985754174.34659,0.807,"110.9650875551",65.3696,81.78786,54.55716,58.70602,1,1,0,0,1,"Montenegro",1,1,1,1,1,0,"UM","Upper Middle Income","Upper Middle Income",3.87028864965287,0.225269287824631,0.161196574568748
"MNG","Mongolia",12220.7813400832,36162929570.0058,0.735,"106.5947785102",56.90569,75.3055,28.02503,71.88612,1,1,0,0,0,"Mongolia",1,1,1,1,0,0,"LM","Lower Middle Income","Lower Middle Income",3.02040858952383,-0.332779079675674,-0.403597325086594
"MOZ","Mozambique",1192.17532892152,33354518024.5462,0.418,"128.1010100381",47.38843,56.98573,25.15818,64.79867,1,0,0,0,0,"Mozambique",1,1,1,1,0,0,"LDC","Least Developed","Least Developed",1.09185408163066,-0.49483248591423,-0.741717457771301
"MRT","Mauritania",NA,NA,0.513,"169.2362195494",51.45301,68.88867,23.08547,66.98794,1,0,0,0,0,"Mauritania",1,1,1,1,0,0,"LDC","Least Developed","Least Developed",0.911816417064556,-0.858530163764954,-1.02858769893646
"MUS","Mauritius",20085.1709032553,25359637208.3047,0.781,"118.0220791117",66.61,88.00665,61.93601,45.31519,1,1,0,0,2,"Mauritius",1,1,1,1,1,1,"UM","Upper Middle Income","Upper Middle Income",4.00622763794905,1.08860778808594,1.03581547737122
"MWI","Malawi",1183.60523462968,20376038710.5644,0.476,"69.4451739993",44.39617,47.70818,25.73683,65.11848,1,0,0,0,0,"Malawi",1,1,1,1,0,0,"LDC","Least Developed","Least Developed",0.886828613921168,-0.818861186504364,-0.674869358539581
"MYS","Malaysia",26950.3353187223,817430809204.514,0.789,"155.4023631119",78.14394,77.93256,74.20257,83.69421,1,0,0,0,1,"Malaysia",1,0,1,1,0,0,"UM","Upper Middle Income","Upper Middle Income",3.9754479375705,0.77194219827652,0.964427709579468
"NAM","Namibia",10411.3570319379,25599757010.8399,0.64,"103.0382013998",53.51874,58.78392,39.45106,65.57696,1,0,0,0,0,"Namibia",1,1,1,1,0,0,"UM","Upper Middle Income","Upper Middle Income",4.0766766049,-0.0822922438383102,0.257816851139069
"NER","Niger",955.483323715227,19013277316.6081,0.353,"68.70019434699999",47.92099,52.55426,23.74551,74.32869,1,1,0,0,0,"Niger",1,1,1,1,0,0,"LDC","Least Developed","Least Developed",0.90209964458222,-0.725683867931366,-0.607292234897614
"NGA","Nigeria",6003.89007115427,1093920550596.63,0.527,"59.9730241867",50.24276,49.03119,21.12781,90.79187,1,1,0,0,0,"Nigeria",1,1,1,1,1,0,"LM","Lower Middle Income","Lower Middle Income",3.0999363969365,-0.840644717216492,-0.951978087425232
"NIC","Nicaragua",5200.29968471542,31628389092.0291,0.645,"115.5872378096",52.77246,59.82402,44.13494,55.25849,1,0,0,0,0,"Nicaragua",1,1,1,1,1,0,"LM","Lower Middle Income","Lower Middle Income",2.98671947604885,-0.429133057594299,-0.803022265434265
"NLD","Netherlands",49587.0051868083,840000049665.133,0.924,"165.5611249347",92.83772,93.0595,90.70588,95.40691,1,1,0,1,2,"Netherlands",1,1,1,1,0,1,NA,"Non-DAC","Non-DAC",5.06966113035271,1.76884424686432,1.84179282188416
"NOR","Norway",62083.8625679502,322230084770.815,0.949,"65.622763018",83.49625,73.3939,86.31118,92.73618,1,1,1,0,2,"Norway",1,1,1,1,1,1,NA,"Non-DAC","Non-DAC",5.04842380768749,1.63352179527283,1.8622260093689
"NPL","Nepal",2462.07461049148,70202856821.1709,0.558,"53.0420022683",37.80594,24.71959,25.66638,70.91469,1,0,0,0,0,"Nepal",1,1,1,1,1,1,"LDC","Least Developed","Least Developed",0.933627861023677,-0.785325884819031,-1.0434798002243
"NRU","Nauro",13064.5452332039,162980201.784219,NA,"-",NA,NA,NA,NA,0,0,0,0,0,"Nauro",1,1,0,1,NA,NA,"UM","Upper Middle Income","Upper Middle Income",4.00234047066329,-1.23944985866547,-0.565812408924103
"NZL","New Zealand",37575.9305494517,172687704026.115,0.915,"57.1729086945",78.28667,80.97303,73.99488,80.57457,1,1,0,0,1,"New Zealand",1,1,1,1,1,0,NA,"Non-DAC","Non-DAC",5.02148301118854,1.94759345054626,1.89010941982269
"OMN","Oman",39971.0927286394,179491830712.757,0.796,"127.084725027",62.66388,81.02305,57.64836,45.73799,1,0,0,0,0,"Oman",1,1,1,1,1,0," ","Non-DAC","Non-DAC",4.96050118301088,0.582220733165741,0.0935914516448975
"PAK","Pakistan",5010.81399410051,946667402472.875,0.55,"35.0329055409",51.01918,39.57219,34.93299,87.30189,1,0,0,0,0,"Pakistan",1,1,1,1,1,0,"LM","Lower Middle Income","Lower Middle Income",2.99500394008219,-0.623523473739624,-0.661358177661896
"PAN","Panama",22237.2382567749,87373244561.4629,0.788,"138.899611889",65.74821,78.24876,57.92482,60.127,1,0,0,0,0,"Panama",1,1,1,1,0,0,"UM","Upper Middle Income","Upper Middle Income",4.09044016818865,0.374983608722687,0.297274887561798
"PER","Peru",12529.2286307653,393125472102.076,0.74,"46.0730572318",66.2683,75.04508,42.8122,86.37675,1,0,0,0,0,"Peru",1,1,1,1,1,1,"UM","Upper Middle Income","Upper Middle Income",4.10901893971176,0.493565410375595,-0.277530461549759
"PHL","Philippines",7387.31759345128,743898412333.4,0.682,"53.2471913933",56.83936,53.89361,40.26693,82.82557,1,0,0,0,1,"Philippines",1,1,1,1,0,1,"LM","Lower Middle Income","Lower Middle Income",3.17830825868687,-0.0369303822517395,0.107092209160328
"PLW","Palau",15317.166220501,326117786.000686,0.788,"-",44.94426,NA,49.28622,39.1298,0,0,0,0,0,"Palau",1,1,0,1,0,0,"UM","Upper Middle Income","Upper Middle Income",4.06396226103659,-0.822532474994659,-0.565812408924103
"PNG","Papua New Guinea",NA,NA,0.516,"96.290645673",45.78511,61.02649,21.0822,59.2383,1,0,0,0,0,"Papua New Guinea",1,1,0,1,0,0,"LM","Lower Middle Income","Lower Middle Income",3.04094868801084,-0.55417400598526,-0.620907127857208
"POL","Poland",26862.2683302141,1020401192046.07,0.855,"93.8013420714",81.31957,77.05723,79.82058,88.81586,1,0,1,0,2,"Poland",1,1,1,1,1,1,NA,"Non-DAC","Non-DAC",5.03216408977952,0.997430622577667,0.799756526947021
"PRK","Korea, Democratic People's Republic of",NA,NA,NA,NA,NA,NA,NA,25.84665,0,0,0,0,0,"Korea, Democratic People's Republic of",1,1,1,1,0,1,"OL","Other Low Income","Other Low Income",1.81647276554313,-2.33644008636475,-1.632732629776
"PRT","Portugal",29717.6939734373,307818132721.606,0.843,"80.6952847466",85.04053,82.7113,83.39477,90.24393,1,1,0,0,2,"Portugal",1,1,1,1,0,1,NA,"Non-DAC","Non-DAC",4.84685195016042,0.940050542354584,1.23245763778687
"PRY","Paraguay",9198.49853407158,61069963183.0209,0.693,"89.5038745004",59.91523,59.42487,46.59106,78.38959,1,0,0,0,0,"Paraguay",1,1,1,1,1,0,"LM","Lower Middle Income","Lower Middle Income",2.89815376239891,-0.267205387353897,-0.945035398006439
"QAT","Qatar",141542.662833058,316398099077.191,0.856,"103.5566670084",78.48653,81.45165,80.05096,72.57318,1,0,0,0,0,"Qatar",1,1,1,1,1,0,NA,"Non-DAC","Non-DAC",5.20615603007638,0.692051589488983,0.995639503002167
"ROU","Romania",22124.3433041881,438400676870.226,0.802,"86.50116752850001",NA,NA,NA,NA,1,0,0,0,2,"Romania",1,1,1,1,1,1,NA,"Non-DAC","Non-DAC",4.91499404363462,0.590792655944824,-0.0383195728063583
"RUS","Russia",25186.1695599855,3687406315413.07,0.804,"49.9067458312",68.25128,52.06021,66.57774,91.34275,1,1,0,1,2,"Russia",1,1,1,1,1,0,NA,"Non-DAC","Non-DAC",4.94104730891977,-0.522402584552765,-0.182619988918304
"RWA","Rwanda",1762.31412599666,20459878389.9031,0.498,"49.3879333962",45.56222,49.3611,22.51566,71.53264,1,0,0,0,0,"Rwanda",1,1,1,1,0,0,"LDC","Least Developed","Least Developed",0.95960240221326,0.248528480529785,-0.0394305326044559
"SAU","Saudi Arabia",53538.7904294482,1688633366574.84,0.847,"85.4296979332",67.7401,63.3489,76.24475,62.00605,1,0,0,1,0,"Saudi Arabia",1,1,1,1,0,0,NA,"Non-DAC","Non-DAC",4.75367061734158,0.0303522124886513,0.210185751318932
"SDN","Sudan",4387.89639560292,176546493705.309,0.49,"_",31.42256,27.15505,18.18853,54.6403,0,0,0,0,0,"Sudan",1,1,1,1,1,1,"LDC","Least Developed","Least Developed",1.26259189780943,-1.50043141841888,-1.47624826431274
"SEN","Senegal",2420.79487708645,36624866572.4424,0.494,"84.6143468594",54.74806,53.6321,30.26545,88.97073,1,0,0,0,0,"Senegal",1,1,1,1,0,0,"LDC","Least Developed","Least Developed",0.948428096139376,-0.178930446505547,-0.435145020484924
"SGP","Singapore",85382.3022693984,472591213825.725,0.925,"374.706323893",83.64021,97.76975,91.608,54.77469,1,0,0,0,1,"Singapore",1,1,1,0,1,0,NA,"Non-DAC","Non-DAC",4.96967245537484,2.26288366317749,2.25212860107422
"SLB","Solomon Islands",2200.93418104981,1284445379.65304,0.515,"111.2349052359",23.9804,NA,22.49112,25.97476,1,0,0,0,0,"Solomon Islands",0,1,0,1,0,1,"LDC","Least Developed","Least Developed",1.04758774356665,-0.962030231952667,-1.02766716480255
"SLE","Sierra Leone",1569.31874406863,10127102610.1237,0.42,"89.8862775795",44.74185,55.75616,18.82077,65.26984,1,0,0,0,0,"Sierra Leone",1,1,1,1,0,0,"LDC","Least Developed","Least Developed",1.23331896573128,-0.866573572158813,-1.25769364833832
"SLV","El Salvador",8619.58094553859,52808578088.0606,0.68,"70.8820465017",65.0058,67.83519,51.71436,79.16125,1,1,0,0,0,"El Salvador",1,1,1,1,1,0,"LM","Lower Middle Income","Lower Middle Income",3.15291890670057,0.199564963579178,-0.242529854178429
"SMR","San Marino",NA,NA,NA,"..",46.83646,NA,55.8917,34.71026,0,0,0,0,0,"San Marino",0,0,0,0,0,0,NA,"Non-DAC","Non-DAC",5.00764693307543,NA,NA
"SOM","Somalia",NA,NA,NA,"-",NA,NA,17.69667,32.17682,0,0,0,0,0,"Somalia",1,1,1,0,0,0,"LDC","Least Developed","Least Developed",1.00574215678514,-2.1498589515686,-2.21873879432678
"SRB","Serbia",14111.9013090091,100129344645.621,0.776,"112.3515112826",69.48878,69.64175,65.05859,75.22445,0,1,0,0,2,"Serbia",1,1,1,1,1,0,"UM","Upper Middle Income","Upper Middle Income",4.05204823949414,0.135817050933838,0.114140711724758
"SSD","South Sudan",1853.79862660241,22875526538.1319,0.418,"_",NA,NA,NA,NA,0,0,0,0,0,"South Sudan",0,0,0,0,NA,NA,"LDC","Least Developed","Least Developed",1.15247559893497,-1.68550181388855,-2.17124342918396
"STP","Sao Tome and Principe",3218.57360024929,612636173.365851,0.574,"65.25348414299999",31.32168,NA,30.72614,32.11919,0,1,0,0,0,"Sao Tome and Principe",1,1,1,1,0,0,"LDC","Least Developed","Least Developed",1.04036620343583,-0.774820685386658,-0.75845342874527
"SUR","Suriname",16702.6592263836,9069126393.44561,0.725,"101.3222905908",44.41032,53.03646,40.11228,39.05753,1,0,0,0,0,"Suriname",1,1,1,1,0,0,"UM","Upper Middle Income","Upper Middle Income",3.9118191767961,-0.664162695407867,-0.356148570775986
"SVK","Slovakia",29931.2469742624,162341127270.251,0.845,"187.9112370887",84.36033,86.99562,82.75851,83.11173,1,1,0,0,2,"Slovakia",1,1,1,1,1,1,NA,"Non-DAC","Non-DAC",4.93848845063732,0.787854969501495,0.840291798114777
"SVN","Slovenia",31990.4762346357,66013339414.934,0.89,"148.5748130781",76.91338,77.88588,71.93456,82.32836,1,1,0,1,2,"Slovenia",1,1,1,1,1,1,NA,"Non-DAC","Non-DAC",4.89380664275653,0.620738446712494,0.973970353603363
"SWE","Sweden",47861.9652851092,469008300154.328,0.913,"82.9900235975",87.95597,85.47948,84.65571,95.56464,1,1,1,1,2,"Sweden",1,1,1,1,1,1,NA,"Non-DAC","Non-DAC",4.92756210889956,1.80834293365479,1.81137037277222
"SWZ","Swaziland",8647.7861492868,11129441340.5476,0.541,"128.4164154311",47.47713,60.72173,42.89712,36.5544,1,0,0,0,0,"Swaziland",1,1,1,1,0,1,"LM","Lower Middle Income","Lower Middle Income",2.96691350899648,-0.503806412220001,-0.528136253356934
"SYC","Seychelles",27177.174079471,2538864425.3301,0.782,"184.0307433637",59.87822,81.22343,54.99887,38.92465,1,1,0,0,0,"Seychelles",1,1,1,1,0,0,"UM","Upper Middle Income","Upper Middle Income",4.04314257717047,-0.0881184712052345,0.428259968757629
"SYR","Syrian Arab Republic",NA,NA,0.536,"53.2129328339",46.97234,50.60008,39.73586,51.9913,0,1,1,0,0,"Syrian Arab Republic",1,1,1,1,0,0,"LM","Lower Middle Income","Lower Middle Income",3.03964573774261,-1.63256824016571,-1.6338951587677
"TCD","Chad",2175.82194723555,30543039661.3046,0.396,"99.0731905402",39.56643,39.3212,18.73945,67.7724,1,0,0,0,0,"Chad",1,1,1,1,0,0,"LDC","Least Developed","Least Developed",0.968904298779744,-1.19602870941162,-1.45036351680756
"TGO","Togo",1460.34491005733,10667203302.4168,0.487,"151.4437830129",53.70249,62.58047,30.46819,73.38362,1,0,0,0,0,"Togo",1,1,1,1,0,0,"LDC","Least Developed","Least Developed",0.91853942579674,-0.820374667644501,-1.17909812927246
"THA","Thailand",16340.0285722757,1110457867813.54,0.74,"136.7252773483",70.76158,71.19702,64.22923,78.94856,1,0,0,0,1,"Thailand",1,1,1,1,1,1,"UM","Upper Middle Income","Upper Middle Income",3.81818365563525,0.299114882946014,0.356810241937637
"TJK","Tajikistan",2833.6548460944,24034649524.62,0.627,"85.6981080457",42.86512,42.5328,28.46575,62.57579,1,1,0,0,0,"Tajikistan",1,1,0,1,0,0,"OL","Other Low Income","Other Low Income",1.81852735250262,-1.00610792636871,-0.819396197795868
"TKM","Turkmenistan",16532.4859371869,88837346248.4454,0.692,"-",37.04836,NA,37.31306,36.69389,0,0,0,0,0,"Turkmenistan",1,0,0,0,0,0,"UM","Upper Middle Income","Upper Middle Income",4.05443904657457,-2.09122180938721,-0.874373912811279
"TLS","Timor-Leste",2399.01438606931,2842268279.1114,0.606,"32.7820129963",NA,NA,NA,NA,0,0,0,0,0,"Timor-Leste",0,0,0,0,0,0,"LDC","Least Developed","Least Developed",1.05336696767861,-0.966596066951752,-1.04535675048828
"TON","Tonga",5534.83191232253,587633104.131284,0.721,"74.94105349580001",32.656,NA,38.09407,25.37367,1,0,0,0,0,"Tonga",1,1,1,1,0,0,"UM","Upper Middle Income","Upper Middle Income",4.01995898847855,-0.438052535057068,-0.329453676939011
"TTO","Trinidad and Tobago",33308.5204104656,45302518908.0293,0.78,"151.9467634459",62.79028,75.94199,56.45185,54.34193,1,0,0,0,0,"Trinidad and Tobago",1,1,1,1,1,1,NA,"Non-DAC","Non-DAC",4.93938942649826,0.145442441105843,0.237128108739853
"TUN","Tunisia",11467.0662774382,129045249574.73,0.725,"102.0244089707",59.74364,60.2218,39.65875,86.0243,1,0,0,0,0,"Tunisia",1,1,1,1,1,0,"UM","Upper Middle Income","Upper Middle Income",3.98006886032938,-0.394459426403046,-0.103892669081688
"TUR","Turkey",20008.9143849156,1574017857488.33,0.767,"57.7452445394",71.33168,58.61349,68.21754,91.88003,1,1,0,0,2,"Turkey",1,1,0,1,1,0,"UM","Upper Middle Income","Upper Middle Income",3.8978678639801,0.330284386873245,0.232910796999931
"TUV","Tuvalu",3926.17345363411,38931935.9662359,NA,"160.3089419871",NA,NA,NA,NA,0,0,0,0,0,"Tuvalu",0,1,0,1,0,0,"LDC","Least Developed","Least Developed",1.0587472358091,-0.718884468078613,-0.96908962726593
"TZA","United Republic of Tanzania",2672.50916101959,138731925532.797,0.531,"65.49769780040001",38.44663,42.96695,17.52402,60.64374,1,0,1,0,0,"United Republic of Tanzania",1,1,1,1,0,0,"LDC","Least Developed","Least Developed",0.874791149279223,-0.362732410430908,-0.598871231079102
"UGA","Uganda",1850.99241028327,72248644688.2697,0.493,"55.0935400222",44.9014,50.02869,21.09553,70.17795,1,0,0,0,0,"Uganda",1,1,1,1,0,0,"LDC","Least Developed","Least Developed",1.08650650723796,-0.242070764303207,-0.482986986637115
"UKR","Ukraine",7939.61401963223,340171968709.741,0.743,"100.9199688214",70.24131,68.41855,61.04846,84.89911,1,1,0,1,0,"Ukraine",1,1,1,1,1,1,"LM","Lower Middle Income","Lower Middle Income",3.13222748357018,-0.579765200614929,-0.513784945011139
"URY","Uruguay",21243.7537958889,72899109557.0515,0.795,"49.9761077549",66.62765,64.51408,55.82544,83.81509,1,1,0,0,1,"Uruguay",1,1,1,1,1,1,"UM","Upper Middle Income","Upper Middle Income",3.84967959462177,0.452428162097931,0.540124297142029
"USA","United States",56115.7184261955,1.8036648e+13,0.92,"29.7202197522",79.72725,71.57813,78.82235,91.43324,1,0,0,0,1,"United States",0,0,0,1,0,1,NA,"Non-DAC","Non-DAC",5.01757510381413,1.29757690429688,1.46199536323547
"UZB","Uzbekistan",6086.52218138392,190501449102.917,0.701,"51.995153377",39.42803,NA,35.60868,44.54268,0,0,0,0,0,"Uzbekistan",1,0,0,1,0,0,"LM","Lower Middle Income","Lower Middle Income",3.07677862128229,-1.68539834022522,-0.682054758071899
"VCT","Saint Vincent and the Grenadines",11139.6374731289,1219366997.08363,0.722,"86.712489238",38.51,NA,44.44061,30.5681,1,0,0,0,0,"Saint Vincent and the Grenadines",1,1,1,1,0,0,"UM","Upper Middle Income","Upper Middle Income",4.03533922588139,0.26136189699173,0.0194837246090174
"VEN","Venezuela",NA,NA,0.767,"43.1116322496",51.11833,40.09217,50.7682,65.78635,1,1,0,0,0,"Venezuela",1,1,1,1,1,0,"UM","Upper Middle Income","Upper Middle Income",3.93793407480898,-1.85771405696869,-1.22016096115112
"VNM","Viet Nam",6034.25994918754,553421892997.821,0.683,"162.773888425",56.68565,62.64059,40.17587,71.12592,1,1,0,0,2,"Viet Nam",1,1,1,1,0,0,"LM","Lower Middle Income","Lower Middle Income",2.91670221556572,-0.496353685855865,0.0769642218947411
"VUT","Vanuatu",2987.91863246948,790758641.920314,0.597,"100.4992846339",45.84285,56.67392,33.71848,48.13111,1,0,0,0,0,"Vanuatu",0,1,0,1,0,0,"LDC","Least Developed","Least Developed",1.11440762057552,-0.373071640729904,-0.786365568637848
"WSM","Samoa",5934.87465484577,1146783959.80654,0.704,"92.9740878551",43.67782,NA,39.40074,49.40541,1,0,0,0,0,"Samoa",1,1,1,1,0,0,"LM","Lower Middle Income","Lower Middle Income",3.03044674466534,-0.0977466553449631,0.488892763853073
"YEM","Yemen",2820.80187020041,75688362253.6196,0.482,"56.9899729422",42.99008,45.08549,24.53138,65.01039,1,0,0,0,0,"Yemen",1,1,1,1,0,1,"LDC","Least Developed","Least Developed",1.04192482591819,-1.10101628303528,-1.64089071750641
"ZAF","South Africa",13195.4654186613,725908635919.922,0.666,"64.82991785519999",66.72229,68.90649,48.70598,88.03587,1,1,0,0,0,"South Africa",1,1,1,1,1,0,"UM","Upper Middle Income","Upper Middle Income",4.18512221266612,0.303562223911285,0.26526665687561
"ZMB","Zambia",3835.50377770284,62180293571.7382,0.579,"88.8368426437",52.46584,64.53192,25.58193,72.92875,1,1,0,0,2,"Zambia",1,1,1,1,0,0,"LDC","Least Developed","Least Developed",0.939786380329085,-0.422343552112579,-0.554479479789734
"ZWE","Zimbabwe",1786.58386182786,27875623136.7184,0.516,"96.4414371052",44.04242,39.60032,29.47276,69.27357,1,1,1,1,0,"Zimbabwe",1,1,1,1,0,0,"OL","Other Low Income","Other Low Income",2.12359844379406,-1.64690148830414,-1.14796876907349
